{
	"mappingTime" : 73,
	"inputSizes" : {
		"source" : 715,
		"target" : 610
	},
	"outputSizes" : {
		"verification" : 77,
		"acceptance" : 582
	},
	"pseudoPRF" : {
		"acceptance" : {
			"precision" : 1.0,
			"recall" : 0.8784905660377359,
			"f-measure" : 0.9353153877059059
		},
		"all" : {
			"precision" : 0.8983308042488619,
			"recall" : 0.8935849056603774,
			"f-measure" : 0.8959515701853954
		}
	}
}