{
	"mappingTime" : 782,
	"inputSizes" : {
		"source" : 39,
		"target" : 6204
	},
	"outputSizes" : {
		"verification" : 18,
		"acceptance" : 0
	},
	"pseudoPRF" : {
		"acceptance" : {
			"precision" : 0.0,
			"recall" : 0.0,
			"f-measure" : 0.0
		},
		"all" : {
			"precision" : 0.5833333333333334,
			"recall" : 0.003363767419509851,
			"f-measure" : 0.006688963210702342
		}
	}
}